,precision,recall,fscore,support
0,0.75,0.35526315789473684,0.48214285714285726,76
1,0.8710526315789474,0.9735294117647059,0.9194444444444444,340
