,precision,recall,fscore,support
0,1.0,0.3541666666666667,0.5230769230769231,48
1,0.8812260536398467,1.0,0.9368635437881875,230
