,precision,recall,fscore,support
0,0.9310344827586207,0.35526315789473684,0.5142857142857142,76
1,0.8733850129198967,0.9941176470588236,0.9298486932599725,340
