,precision,recall,fscore,support
0,0.9615384615384616,0.32894736842105265,0.4901960784313726,76
1,0.8692307692307693,0.9970588235294118,0.9287671232876713,340
