,precision,recall,fscore,support
0,0.5428571428571428,0.3958333333333333,0.4578313253012048,48
1,0.8806584362139918,0.9304347826086956,0.9048625792811839,230
