,precision,recall,fscore,support
0,0.35789473684210527,0.7083333333333334,0.4755244755244756,48
1,0.9234972677595629,0.7347826086956522,0.8184019370460048,230
