,precision,recall,fscore,support
0,0.9473684210526315,0.375,0.537313432835821,48
1,0.8841698841698842,0.9956521739130435,0.9366053169734152,230
