,precision,recall,fscore,support
0,0.4148936170212766,0.8125,0.5492957746478874,48
1,0.9510869565217391,0.7608695652173914,0.8454106280193238,230
