,precision,recall,fscore,support
0,0.8260869565217391,0.3958333333333333,0.5352112676056338,48
1,0.8862745098039215,0.9826086956521739,0.931958762886598,230
