,precision,recall,fscore,support
0,1.0,0.375,0.5454545454545454,48
1,0.8846153846153846,1.0,0.9387755102040816,230
