,precision,recall,fscore,support
0,0.9130434782608695,0.4375,0.5915492957746479,48
1,0.8941176470588236,0.991304347826087,0.9402061855670104,230
