,precision,recall,fscore,support
0,0.8636363636363636,0.3958333333333333,0.5428571428571428,48
1,0.88671875,0.9869565217391304,0.9341563786008231,230
