,precision,recall,fscore,support
0,0.8461538461538461,0.4583333333333333,0.5945945945945945,48
1,0.8968253968253969,0.9826086956521739,0.9377593360995851,230
