,precision,recall,fscore,support
0,0.9444444444444444,0.3541666666666667,0.5151515151515151,48
1,0.8807692307692307,0.9956521739130435,0.9346938775510204,230
