,precision,recall,fscore,support
0,0.7272727272727273,0.6666666666666666,0.6956521739130435,48
1,0.9316239316239316,0.9478260869565217,0.939655172413793,230
