,precision,recall,fscore,support
0,0.9411764705882353,0.3333333333333333,0.49230769230769234,48
1,0.8773946360153256,0.9956521739130435,0.9327902240325865,230
