,precision,recall,fscore,support
0,0.3723404255319149,0.7291666666666666,0.49295774647887325,48
1,0.9293478260869565,0.7434782608695653,0.8260869565217391,230
